{
	"format_version": "1.8.0",
	"animations": {
		"animation.Gear_Knight.idle": {
			"loop": true
		},
		"animation.Gear_Knight.attack": {
			"animation_length": 1.5,
			"bones": {
				"left_arm": {
					"rotation": {
						"0.0": {
							"vector": [-18.28905, 6.82548, -19.73552]
						},
						"0.5": {
							"vector": [-70.79, -18.17, -19.74]
						},
						"0.625": {
							"vector": [-112.66, -1.92, -9.74]
						},
						"1.0": {
							"vector": [-39.90229, -43.28318, 22.42984]
						}
					}
				},
				"left_lower_arm": {
					"rotation": {
						"0.0": {
							"vector": [-65, 0, 0]
						},
						"0.5": {
							"vector": [-66.25, 0, 0]
						},
						"0.7083": {
							"vector": [-77.09019, -2.33423, 2.44412]
						},
						"1.0": {
							"vector": [-2.5, 0, 0]
						}
					}
				},
				"axe": {
					"rotation": {
						"0.0": {
							"vector": [0, 0, 0]
						},
						"1.0": {
							"vector": [30, 0, 0]
						}
					}
				},
				"right_arm": {
					"rotation": {
						"0.0": {
							"vector": [-38.46437, 15.55133, 42.75184]
						},
						"0.625": {
							"vector": [-88.46, 15.55, 25.25]
						},
						"1.0": {
							"vector": [16.54, 15.55, 85.25]
						}
					}
				},
				"right_lower_arm": {
					"rotation": {
						"0.0": {
							"vector": [-41.44592, -51.13061, -32.8728]
						},
						"0.7083": {
							"vector": [-64.47, 11.37, -32.87]
						},
						"1.0": {
							"vector": [-38.95, -21.13, -12.87]
						}
					}
				},
				"torso": {
					"rotation": {
						"0.0": {
							"vector": [0, -47.5, 0]
						},
						"0.5": {
							"vector": [-10, -28.02, 0]
						},
						"1.0": {
							"vector": [36.13216, 53.10479, 17.17679]
						}
					},
					"position": {
						"vector": [0, -1, 0]
					}
				},
				"left_leg": {
					"rotation": {
						"0.0": {
							"vector": [-30, 45, 7.5]
						},
						"0.5": {
							"vector": [-10, 45, 7.5]
						},
						"0.625": {
							"vector": [-35.39798, 46.78026, -11.34116]
						},
						"1.0": {
							"vector": [5.67594, 32.19451, 54.28631]
						}
					}
				},
				"left_lower_leg": {
					"rotation": {
						"vector": [37.5, 0, 0]
					}
				},
				"right_leg": {
					"rotation": {
						"0.0": {
							"vector": [-20, -20, 0]
						},
						"0.5": {
							"vector": [-57.5, 2.5, 0]
						},
						"0.625": {
							"vector": [-90.44651, 0.61505, 5.58351]
						},
						"1.0": {
							"vector": [-51.63382, -23.04079, -0.81803]
						}
					}
				},
				"right_lower_leg": {
					"rotation": {
						"0.0": {
							"vector": [15, 0, 0]
						},
						"0.625": {
							"vector": [68.96681, 8.3767, -5.14477]
						},
						"1.0": {
							"vector": [27.5, 0, 0]
						}
					}
				},
				"head": {
					"rotation": {
						"0.0": {
							"vector": [0, 27.5, 0]
						},
						"0.5": {
							"vector": [0, 20, 0]
						},
						"1.0": {
							"vector": [0, -47.5, 0]
						}
					}
				}
			}
		}
	},
	"azurelib_format_version": 2
}